Category,Vendor Name,Website,Phone,Notes
Venues,THEOS Galveston,https://theosgalveston.com,,Historic brick venue, downtown Galveston, Loft Suite included
Venues,The Tremont House,https://www.tremonthouse.com,,Historic downtown hotel + event spaces + rooftop bar
Venues,Grand Galvez Resort & Spa,https://www.grandgalvez.com,,Beachfront resort / historic hotel - large weddings / guest accommodations
Venues,The San Luis Resort Spa & Conference Center,https://www.sanluisresort.com,,Resort-style venue + ballrooms + indoor/outdoor options
Venues,Carr Mansion,,,Historic mansion / boutique-style venue for intimate to mid-size weddings
Venues,Bayside Event Center,,,Waterfront / bayou-side venue - good for receptions with water view
Venues,Moody Mansion (Willis-Moody Mansion),,,"Historic mansion venue - classic architecture for weddings/events"
Venues,Hotel Lucine,,,Boutique hotel near the beach with event/banquet possibilities
Venues,Ashton Villa,https://www.galvestonhistory.org/attractions/ashton-villa,,Historic mansion / boutique-style venue
Venues,The Bryan Museum,https://thebryanmuseum.org,,Historic museum venue with preferred vendor lists
Venues,Beach Venues - East Beach / Stewart Beach,,,For barefoot / beachfront ceremonies & casual/semi-formal weddings
Planners,Events Company of Galveston,https://www.eventscompanyofgalveston.com,,Full-service planning design and day-of coordination - calm energy seamless timelines
Planners,Lovers Lane Events,https://www.loverslaneevents.com,,Chic modern designs with high attention to detail - great for romantic intimate weddings
Planners,Water to Wine Events,https://watertowineevents.com,,Full-service Galveston wedding planners - experienced with island logistics weather and local vendors
Planners,Moments Event Planning & Design,https://www.moments-events.com,,Boutique planner based on Galveston Island - specializes in local weddings & events
Planners,The Total Wedding Experience,,,Wedding + event planning & coordination - listed among top planners serving Galveston
Planners,My Island Weddings,https://www.myislandweddings.com,,Specialized in beach weddings / elopements - good for small ceremonies by the sea
Planners,Barefoot Weddings Galveston,,,Known for beach weddings elopements - possibly simpler & budget-friendly packages
Planners,Island Event Professionals,,,Budget-friendly planners who are great at logistics - perfect for DIY brides Friday/Sunday weddings
Photographers,Galveston Beach Photographers,,,Experts in capturing sunset portraits and airy beach tones
Photographers,Degrees North Images,https://www.marriedonisland.com,,Island-based photographer / elopement & wedding specialist
Photographers,Civic Photos,https://www.civicphotos.com,,Houston-based photographer who travels to Galveston - clean modern editing
Photographers,Ever & Ivy,https://www.everandivy.com,,Houston-based photographer who travels to Galveston - clean modern editing
Photographers,Lovelee Photography,https://www.loveleephotography.com,,Houston-based photographer who travels to Galveston - clean modern editing
Photographers,Stephanie Cave Photography,https://www.stephaniecavephotography.com,,Houston-based photographer who travels to Galveston - clean modern editing
Photographers,Married On Island Directory,https://www.marriedonisland.com/vendors,,Local wedding directory with rotating photographers serving the island
Photographers,WeddingWire Galveston Photographers,https://www.weddingwire.com/c/tx-texas/galveston/wedding-photographers,,Directory of photographers serving Galveston
Florists,Galveston Flower Company,https://www.galvestonflowercompany.com,,Classic arrangements perfect for traditional and elegant weddings
Florists,Stems by Stacy,https://www.stemsbystacy.com,,Modern and airy florals with luxe touches - great for winter weddings minimalist greenery
Florists,Island Florals & Decor,,,Affordable reliable and familiar with downtown venues
Florists,WeddingWire Galveston Florists,https://www.weddingwire.com/c/tx-texas/galveston/wedding-florists,,Directory of florists serving Galveston - check regularly for seasonal availability
Caterers,Mosquito Caf√© Catering,https://www.mosquitocafe.com,,Island-famous flavors great service and dependable quality
Caterers,Chopin Mon Ami Catering & Events,https://www.cmacatering.com,,Elegant elevated French-inspired catering - known for catering many historic & museum-style weddings
Caterers,Benno's on the Beach,https://www.bennosofgalveston.com,,Laid-back local seafood option for coastal-themed weddings
Caterers,Private Local Chefs,,,Top trend for 2026 - luxury plated dinners for 40-120 guests
Caterers,Visit Galveston Restaurant Directory,https://www.visitgalveston.com,,Various local restaurants / catering services - good for flexible menus seafood + coastal cuisine
DJs,Island Sound DJs,https://www.islandsounddjs.com,,Professional organized and great MC skills
DJs,DJ Twinz,https://www.djtwins.com,,Crowd-pleasing mixes great lighting packages and reliable energy
DJs,Houston Entertainment Companies,,,Most Houston DJs travel to Galveston and bring photo booths uplighting cold sparks dance floor lighting
Cakes,Cakes by Jula,https://www.cakesbyjula.com,,Classic elegant wedding cakes in every size
Cakes,PattyCakes Bakery,https://www.pattycakesbakery.com,,Island favorite great for groom's cakes and desserts
Cakes,Small Cottage Bakers (Home-Based),,,Budget-friendly + incredible artistry
Hair & Makeup,Salty Skin + Hair,https://www.saltyskinandhair.com,,Island-based bridal hair & makeup specialized for weddings elopements and events in coastal conditions
Hair & Makeup,Blush Salon,https://www.blushsalongalveston.com,,Bridal hair and makeup services
Hair & Makeup,Beautique,https://www.beautiquegalveston.com,,Bridal hair and makeup services
Hair & Makeup,Houston HMUA Teams,https://www.weddingwire.com/c/tx-texas/galveston/wedding-beauty-health,,Many Houston hair & makeup artists travel to Galveston for weddings
Rentals & Decor,A Finer Event,https://www.afinerevent.com,,Tables chairs linens arches chargers and statement pieces
Rentals & Decor,Island Events Rental,https://www.islandeventsrental.com,,Affordable basics - easy delivery
Rentals & Decor,Houston Specialty Rental Companies,,,For velvet couches floral walls marquee letters luxury table settings LED dance floors
Rentals & Decor,Planner-Coordinated Rentals,,,Many planners listed above offer full setup/rental coordination - ask when you reach out
Officiants,My Island Weddings,https://www.myislandweddings.com,,Beach-specialty planners often bundle officiant + setup + simple decor
Officiants,Barefoot Weddings Galveston,,,Beach-specialty planners often bundle officiant + setup + simple decor
Officiants,Local Historic-Venue Chapels / Churches,,,For indoor or backup-friendly ceremonies
Lodging,THEOS Loft Suite,https://theosgalveston.com/loft-suite,,Onsite - perfect for bride getting ready couple's suite private pre-ceremony time
Lodging,Two Airbnbs Next Door,,,Great for bridal party family out-of-town guests - literally right next door
Lodging,Tremont House,https://www.tremonthouse.com,,Luxury boutique option in the Strand area
Lodging,Grand Galvez,https://www.grandgalvez.com,,Historic beachfront hotel with iconic charm
Lodging,The San Luis Resort,,,Resort-style venue with guest accommodations
Lodging,Airbnb/VRBO Beach Houses,,,Great for larger groups or extended stays
Directories,Married On Island,https://www.marriedonisland.com/vendors,,Your Guide to Galveston Weddings Local Vendors
Directories,WeddingWire Galveston,https://www.weddingwire.com/c/tx-texas/galveston,,Comprehensive wedding vendor directory for Galveston
Directories,Visit Galveston Weddings,https://www.visitgalveston.com/weddings,,Wedding Venues & Planning in Galveston TX
Directories,The Bryan Museum Preferred Vendors,https://thebryanmuseum.org/venue-rental/preferred-vendors,,Preferred vendors list from historic venue

